{
    "0_run0": {
        "config": {
            "embed_dim": 128,
            "num_heads": 4,
            "num_layers": 4
        },
        "accuracies": [
            0.534,
            0.7266666666666667,
            0.7246666666666667,
            0.7773333333333333,
            0.7813333333333333,
            0.7786666666666666,
            0.7906666666666666,
            0.7946666666666666,
            0.796,
            0.804
        ]
    },
    "0_run1": {
        "config": {
            "embed_dim": 128,
            "num_heads": 4,
            "num_layers": 4
        },
        "accuracies": [
            0.6393333333333333,
            0.7,
            0.7453333333333333,
            0.7713333333333333,
            0.7853333333333333,
            0.7653333333333333,
            0.8,
            0.8066666666666666,
            0.7966666666666666,
            0.802
        ]
    },
    "0_run2": {
        "config": {
            "embed_dim": 128,
            "num_heads": 4,
            "num_layers": 4
        },
        "accuracies": [
            0.5873333333333334,
            0.6993333333333334,
            0.7406666666666667,
            0.72,
            0.7693333333333333,
            0.7793333333333333,
            0.7726666666666666,
            0.7846666666666666,
            0.7933333333333333,
            0.8026666666666666
        ]
    },
    "1_run0": {
        "config": {
            "embed_dim": 128,
            "num_heads": 8,
            "num_layers": 4
        },
        "accuracies": [
            0.538,
            0.7213333333333334,
            0.7226666666666667,
            0.782,
            0.772,
            0.7733333333333333,
            0.7933333333333333,
            0.8013333333333333,
            0.8,
            0.7973333333333333
        ]
    },
    "1_run1": {
        "config": {
            "embed_dim": 128,
            "num_heads": 8,
            "num_layers": 4
        },
        "accuracies": [
            0.6413333333333333,
            0.702,
            0.7526666666666667,
            0.7753333333333333,
            0.7733333333333333,
            0.774,
            0.7933333333333333,
            0.808,
            0.806,
            0.804
        ]
    },
    "1_run2": {
        "config": {
            "embed_dim": 128,
            "num_heads": 8,
            "num_layers": 4
        },
        "accuracies": [
            0.5793333333333334,
            0.694,
            0.7453333333333333,
            0.7286666666666667,
            0.7706666666666667,
            0.7726666666666666,
            0.7626666666666667,
            0.7906666666666666,
            0.7853333333333333,
            0.8
        ]
    },
    "2_run0": {
        "config": {
            "embed_dim": 256,
            "num_heads": 4,
            "num_layers": 4
        },
        "accuracies": [
            0.6853333333333333,
            0.7753333333333333,
            0.79,
            0.8046666666666666,
            0.8193333333333334,
            0.8286666666666667,
            0.8266666666666667,
            0.8246666666666667,
            0.826,
            0.832
        ]
    },
    "2_run1": {
        "config": {
            "embed_dim": 256,
            "num_heads": 4,
            "num_layers": 4
        },
        "accuracies": [
            0.6733333333333333,
            0.7673333333333333,
            0.788,
            0.798,
            0.8113333333333334,
            0.808,
            0.8146666666666667,
            0.8193333333333334,
            0.826,
            0.8166666666666667
        ]
    },
    "2_run2": {
        "config": {
            "embed_dim": 256,
            "num_heads": 4,
            "num_layers": 4
        },
        "accuracies": [
            0.678,
            0.7753333333333333,
            0.7893333333333333,
            0.7686666666666667,
            0.8053333333333333,
            0.8253333333333334,
            0.8333333333333334,
            0.83,
            0.8393333333333334,
            0.838
        ]
    },
    "3_run0": {
        "config": {
            "embed_dim": 256,
            "num_heads": 8,
            "num_layers": 4
        },
        "accuracies": [
            0.686,
            0.7726666666666666,
            0.7853333333333333,
            0.8013333333333333,
            0.82,
            0.826,
            0.824,
            0.8266666666666667,
            0.8333333333333334,
            0.83
        ]
    },
    "3_run1": {
        "config": {
            "embed_dim": 256,
            "num_heads": 8,
            "num_layers": 4
        },
        "accuracies": [
            0.6866666666666666,
            0.7706666666666667,
            0.7806666666666666,
            0.8,
            0.8086666666666666,
            0.806,
            0.8033333333333333,
            0.8153333333333334,
            0.818,
            0.8233333333333334
        ]
    },
    "3_run2": {
        "config": {
            "embed_dim": 256,
            "num_heads": 8,
            "num_layers": 4
        },
        "accuracies": [
            0.6726666666666666,
            0.7486666666666667,
            0.7906666666666666,
            0.7873333333333333,
            0.8093333333333333,
            0.8233333333333334,
            0.8213333333333334,
            0.8226666666666667,
            0.83,
            0.8273333333333334
        ]
    },
    "4_run0": {
        "config": {
            "embed_dim": 512,
            "num_heads": 4,
            "num_layers": 4
        },
        "accuracies": [
            0.7786666666666666,
            0.786,
            0.8293333333333334,
            0.8246666666666667,
            0.826,
            0.8366666666666667,
            0.84,
            0.846,
            0.8453333333333334,
            0.848
        ]
    },
    "4_run1": {
        "config": {
            "embed_dim": 512,
            "num_heads": 4,
            "num_layers": 4
        },
        "accuracies": [
            0.7626666666666667,
            0.82,
            0.8233333333333334,
            0.838,
            0.83,
            0.834,
            0.8433333333333334,
            0.8433333333333334,
            0.8426666666666667,
            0.8433333333333334
        ]
    },
    "4_run2": {
        "config": {
            "embed_dim": 512,
            "num_heads": 4,
            "num_layers": 4
        },
        "accuracies": [
            0.684,
            0.8006666666666666,
            0.8233333333333334,
            0.844,
            0.8273333333333334,
            0.844,
            0.8433333333333334,
            0.8426666666666667,
            0.848,
            0.8466666666666667
        ]
    },
    "5_run0": {
        "config": {
            "embed_dim": 512,
            "num_heads": 8,
            "num_layers": 4
        },
        "accuracies": [
            0.77,
            0.798,
            0.814,
            0.834,
            0.832,
            0.836,
            0.836,
            0.8466666666666667,
            0.8413333333333334,
            0.84
        ]
    },
    "5_run1": {
        "config": {
            "embed_dim": 512,
            "num_heads": 8,
            "num_layers": 4
        },
        "accuracies": [
            0.7533333333333333,
            0.818,
            0.8173333333333334,
            0.8333333333333334,
            0.792,
            0.8306666666666667,
            0.8406666666666667,
            0.842,
            0.846,
            0.846
        ]
    },
    "5_run2": {
        "config": {
            "embed_dim": 512,
            "num_heads": 8,
            "num_layers": 4
        },
        "accuracies": [
            0.6506666666666666,
            0.778,
            0.8206666666666667,
            0.832,
            0.8206666666666667,
            0.83,
            0.8313333333333334,
            0.836,
            0.8353333333333334,
            0.8366666666666667
        ]
    }
}