{
    "0_run0": {
        "config": {
            "embed_dim": 128,
            "num_heads": 4,
            "num_layers": 4
        },
        "accuracies": [
            0.532,
            0.7213333333333334,
            0.726,
            0.7733333333333333,
            0.7833333333333333,
            0.7766666666666666,
            0.79,
            0.794,
            0.796,
            0.804
        ]
    },
    "0_run1": {
        "config": {
            "embed_dim": 128,
            "num_heads": 4,
            "num_layers": 4
        },
        "accuracies": [
            0.638,
            0.6953333333333334,
            0.748,
            0.7733333333333333,
            0.7813333333333333,
            0.7793333333333333,
            0.786,
            0.7933333333333333,
            0.7926666666666666,
            0.7953333333333333
        ]
    },
    "0_run2": {
        "config": {
            "embed_dim": 128,
            "num_heads": 4,
            "num_layers": 4
        },
        "accuracies": [
            0.5926666666666667,
            0.71,
            0.7426666666666667,
            0.7206666666666667,
            0.77,
            0.7686666666666667,
            0.7786666666666666,
            0.7946666666666666,
            0.7926666666666666,
            0.8013333333333333
        ]
    }
}