{
    "0_run0": {
        "config": {
            "embed_dim": 128,
            "num_heads": 4,
            "num_layers": 4
        },
        "accuracies": [
            0.534,
            0.7266666666666667,
            0.7246666666666667,
            0.7773333333333333,
            0.7813333333333333,
            0.7786666666666666,
            0.7906666666666666,
            0.7946666666666666,
            0.796,
            0.804
        ]
    },
    "0_run1": {
        "config": {
            "embed_dim": 128,
            "num_heads": 4,
            "num_layers": 4
        },
        "accuracies": [
            0.6393333333333333,
            0.7,
            0.7453333333333333,
            0.7713333333333333,
            0.7853333333333333,
            0.7653333333333333,
            0.8,
            0.8066666666666666,
            0.7966666666666666,
            0.802
        ]
    },
    "0_run2": {
        "config": {
            "embed_dim": 128,
            "num_heads": 4,
            "num_layers": 4
        },
        "accuracies": [
            0.5873333333333334,
            0.6993333333333334,
            0.7406666666666667,
            0.72,
            0.7693333333333333,
            0.7793333333333333,
            0.7726666666666666,
            0.7846666666666666,
            0.7933333333333333,
            0.8026666666666666
        ]
    },
    "1_run0": {
        "config": {
            "embed_dim": 128,
            "num_heads": 8,
            "num_layers": 4
        },
        "accuracies": [
            0.538,
            0.7213333333333334,
            0.7226666666666667,
            0.782,
            0.772,
            0.7733333333333333,
            0.7933333333333333,
            0.8013333333333333,
            0.8,
            0.7973333333333333
        ]
    },
    "1_run1": {
        "config": {
            "embed_dim": 128,
            "num_heads": 8,
            "num_layers": 4
        },
        "accuracies": [
            0.6413333333333333,
            0.702,
            0.7526666666666667,
            0.7753333333333333,
            0.7733333333333333,
            0.774,
            0.7933333333333333,
            0.808,
            0.806,
            0.804
        ]
    },
    "1_run2": {
        "config": {
            "embed_dim": 128,
            "num_heads": 8,
            "num_layers": 4
        },
        "accuracies": [
            0.5793333333333334,
            0.694,
            0.7453333333333333,
            0.7286666666666667,
            0.7706666666666667,
            0.7726666666666666,
            0.7626666666666667,
            0.7906666666666666,
            0.7853333333333333,
            0.8
        ]
    },
    "2_run0": {
        "config": {
            "embed_dim": 128,
            "num_heads": 4,
            "num_layers": 6
        },
        "accuracies": [
            0.586,
            0.7253333333333334,
            0.7506666666666667,
            0.7793333333333333,
            0.7946666666666666,
            0.7966666666666666,
            0.788,
            0.794,
            0.8066666666666666,
            0.81
        ]
    },
    "2_run1": {
        "config": {
            "embed_dim": 128,
            "num_heads": 4,
            "num_layers": 6
        },
        "accuracies": [
            0.6646666666666666,
            0.7433333333333333,
            0.7806666666666666,
            0.7853333333333333,
            0.784,
            0.7893333333333333,
            0.8006666666666666,
            0.7946666666666666,
            0.798,
            0.792
        ]
    },
    "2_run2": {
        "config": {
            "embed_dim": 128,
            "num_heads": 4,
            "num_layers": 6
        },
        "accuracies": [
            0.6333333333333333,
            0.7126666666666667,
            0.7546666666666667,
            0.7493333333333333,
            0.7733333333333333,
            0.7833333333333333,
            0.7813333333333333,
            0.7806666666666666,
            0.7973333333333333,
            0.8066666666666666
        ]
    },
    "3_run0": {
        "config": {
            "embed_dim": 128,
            "num_heads": 8,
            "num_layers": 6
        },
        "accuracies": [
            0.584,
            0.7166666666666667,
            0.762,
            0.788,
            0.7946666666666666,
            0.8013333333333333,
            0.7953333333333333,
            0.7826666666666666,
            0.8166666666666667,
            0.8166666666666667
        ]
    },
    "3_run1": {
        "config": {
            "embed_dim": 128,
            "num_heads": 8,
            "num_layers": 6
        },
        "accuracies": [
            0.6366666666666667,
            0.7486666666666667,
            0.772,
            0.756,
            0.7806666666666666,
            0.8006666666666666,
            0.8033333333333333,
            0.7986666666666666,
            0.8,
            0.7986666666666666
        ]
    },
    "3_run2": {
        "config": {
            "embed_dim": 128,
            "num_heads": 8,
            "num_layers": 6
        },
        "accuracies": [
            0.626,
            0.7186666666666667,
            0.754,
            0.758,
            0.7746666666666666,
            0.7893333333333333,
            0.7873333333333333,
            0.7846666666666666,
            0.7913333333333333,
            0.7926666666666666
        ]
    },
    "4_run0": {
        "config": {
            "embed_dim": 256,
            "num_heads": 4,
            "num_layers": 4
        },
        "accuracies": [
            0.6853333333333333,
            0.7753333333333333,
            0.79,
            0.8046666666666666,
            0.8193333333333334,
            0.8286666666666667,
            0.8266666666666667,
            0.8246666666666667,
            0.826,
            0.832
        ]
    },
    "4_run1": {
        "config": {
            "embed_dim": 256,
            "num_heads": 4,
            "num_layers": 4
        },
        "accuracies": [
            0.6733333333333333,
            0.7673333333333333,
            0.788,
            0.798,
            0.8113333333333334,
            0.808,
            0.8146666666666667,
            0.8193333333333334,
            0.826,
            0.8166666666666667
        ]
    },
    "4_run2": {
        "config": {
            "embed_dim": 256,
            "num_heads": 4,
            "num_layers": 4
        },
        "accuracies": [
            0.678,
            0.7753333333333333,
            0.7893333333333333,
            0.7686666666666667,
            0.8053333333333333,
            0.8253333333333334,
            0.8333333333333334,
            0.83,
            0.8393333333333334,
            0.838
        ]
    },
    "5_run0": {
        "config": {
            "embed_dim": 256,
            "num_heads": 8,
            "num_layers": 4
        },
        "accuracies": [
            0.686,
            0.7726666666666666,
            0.7853333333333333,
            0.8013333333333333,
            0.82,
            0.826,
            0.824,
            0.8266666666666667,
            0.8333333333333334,
            0.83
        ]
    },
    "5_run1": {
        "config": {
            "embed_dim": 256,
            "num_heads": 8,
            "num_layers": 4
        },
        "accuracies": [
            0.6866666666666666,
            0.7706666666666667,
            0.7806666666666666,
            0.8,
            0.8086666666666666,
            0.806,
            0.8033333333333333,
            0.8153333333333334,
            0.818,
            0.8233333333333334
        ]
    },
    "5_run2": {
        "config": {
            "embed_dim": 256,
            "num_heads": 8,
            "num_layers": 4
        },